[
  {
    "name": "Afghanistan",
    "continent": "Asia",
    "code": "AF",
    "alpha_3": "AFG",
    "dest_id": 1
  },
  {
    "name": "Aland Islands",
    "continent": "Europe",
    "code": "AX",
    "alpha_3": "ALA",
    "dest_id": 2990
  },
  {
    "name": "Albania",
    "continent": "Europe",
    "code": "AL",
    "alpha_3": "ALB",
    "dest_id": 2
  },
  {
    "name": "Algeria",
    "continent": "Africa",
    "code": "DZ",
    "alpha_3": "DZA",
    "dest_id": 3
  },
  {
    "name": "American Samoa",
    "continent": "Oceania",
    "code": "AS",
    "alpha_3": "ASM",
    "dest_id": 4
  },
  {
    "name": "Andorra",
    "continent": "Europe",
    "code": "AD",
    "alpha_3": "AND",
    "dest_id": 5
  },
  {
    "name": "Angola",
    "continent": "Africa",
    "code": "AO",
    "alpha_3": "AGO",
    "dest_id": 6
  },
  {
    "name": "Anguilla",
    "continent": "North America",
    "code": "AI",
    "alpha_3": "AIA",
    "dest_id": 7
  },
  {
    "name": "Antarctica",
    "continent": "Antarctica",
    "code": "AQ",
    "alpha_3": "ATA"
  },
  {
    "name": "Antigua and Barbuda",
    "continent": "North America",
    "code": "AG",
    "alpha_3": "ATG",
    "dest_id": 9
  },
  {
    "name": "Argentina",
    "continent": "South America",
    "code": "AR",
    "alpha_3": "ARG",
    "dest_id": 10
  },
  {
    "name": "Armenia",
    "continent": "Asia",
    "code": "AM",
    "alpha_3": "ARM",
    "dest_id": 11
  },
  {
    "name": "Aruba",
    "continent": "North America",
    "code": "AW",
    "alpha_3": "ABW",
    "dest_id": 12
  },
  {
    "name": "Australia",
    "continent": "Oceania",
    "code": "AU",
    "alpha_3": "AUS",
    "dest_id": 13
  },
  {
    "name": "Austria",
    "continent": "Europe",
    "code": "AT",
    "alpha_3": "AUT",
    "dest_id": 14
  },
  {
    "name": "Azerbaijan",
    "continent": "Asia",
    "code": "AZ",
    "alpha_3": "AZE",
    "dest_id": 15
  },
  {
    "name": "Bahamas",
    "continent": "North America",
    "code": "BS",
    "alpha_3": "BHS",
    "dest_id": 16
  },
  {
    "name": "Bahrain",
    "continent": "Asia",
    "code": "BH",
    "alpha_3": "BHR",
    "dest_id": 17
  },
  {
    "name": "Bangladesh",
    "continent": "Asia",
    "code": "BD",
    "alpha_3": "BGD",
    "dest_id": 18
  },
  {
    "name": "Barbados",
    "continent": "North America",
    "code": "BB",
    "alpha_3": "BRB",
    "dest_id": 19
  },
  {
    "name": "Belarus",
    "continent": "Europe",
    "code": "BY",
    "alpha_3": "BLR",
    "dest_id": 20
  },
  {
    "name": "Belgium",
    "continent": "Europe",
    "code": "BE",
    "alpha_3": "BEL"
  },
  {
    "name": "Belize",
    "continent": "North America",
    "code": "BZ",
    "alpha_3": "BLZ"
  },
  {
    "name": "Benin",
    "continent": "Africa",
    "code": "BJ",
    "alpha_3": "BEN"
  },
  {
    "name": "Bermuda",
    "continent": "North America",
    "code": "BM",
    "alpha_3": "BMU"
  },
  {
    "name": "Bhutan",
    "continent": "Asia",
    "code": "BT",
    "alpha_3": "BTN"
  },
  {
    "name": "Bolivia",
    "continent": "South America",
    "code": "BO",
    "alpha_3": "BOL"
  },
  {
    "name": "Bonaire, Sint Eustatius and Saba",
    "continent": "North America",
    "code": "BQ",
    "alpha_3": "BES"
  },
  {
    "name": "Bosnia and Herzegovina",
    "continent": "Europe",
    "code": "BA",
    "alpha_3": "BIH"
  },
  {
    "name": "Botswana",
    "continent": "Africa",
    "code": "BW",
    "alpha_3": "BWA"
  },
  {
    "name": "Bouvet Island",
    "continent": "Antarctica",
    "code": "BV",
    "alpha_3": "BVT"
  },
  {
    "name": "Brazil",
    "continent": "South America",
    "code": "BR",
    "alpha_3": "BRA"
  },
  {
    "name": "British Indian Ocean Territory",
    "continent": "Asia",
    "code": "IO",
    "alpha_3": "IOT"
  },
  {
    "name": "Brunei Darussalam",
    "continent": "Asia",
    "code": "BN",
    "alpha_3": "BRN"
  },
  {
    "name": "Bulgaria",
    "continent": "Europe",
    "code": "BG",
    "alpha_3": "BGR"
  },
  {
    "name": "Burkina Faso",
    "continent": "Africa",
    "code": "BF",
    "alpha_3": "BFA"
  },
  {
    "name": "Burundi",
    "continent": "Africa",
    "code": "BI",
    "alpha_3": "BDI"
  },
  {
    "name": "Cambodia",
    "continent": "Asia",
    "code": "KH",
    "alpha_3": "KHM"
  },
  {
    "name": "Cameroon",
    "continent": "Africa",
    "code": "CM",
    "alpha_3": "CMR"
  },
  {
    "name": "Canada",
    "continent": "North America",
    "code": "CA",
    "alpha_3": "CAN"
  },
  {
    "name": "Cape Verde",
    "continent": "Africa",
    "code": "CV",
    "alpha_3": "CPV"
  },
  {
    "name": "Cayman Islands",
    "continent": "North America",
    "code": "KY",
    "alpha_3": "CYM"
  },
  {
    "name": "Central African Republic",
    "continent": "Africa",
    "code": "CF",
    "alpha_3": "CAF"
  },
  {
    "name": "Chad",
    "continent": "Africa",
    "code": "TD",
    "alpha_3": "TCD"
  },
  {
    "name": "Chile",
    "continent": "South America",
    "code": "CL",
    "alpha_3": "CHL"
  },
  {
    "name": "China",
    "continent": "Asia",
    "code": "CN",
    "alpha_3": "CHN"
  },
  {
    "name": "Christmas Island",
    "continent": "Asia",
    "code": "CX",
    "alpha_3": "CXR"
  },
  {
    "name": "Cocos (Keeling) Islands",
    "continent": "Asia",
    "code": "CC",
    "alpha_3": "CCK"
  },
  {
    "name": "Colombia",
    "continent": "South America",
    "code": "CO",
    "alpha_3": "COL"
  },
  {
    "name": "Comoros",
    "continent": "Africa",
    "code": "KM",
    "alpha_3": "COM"
  },
  {
    "name": "Congo",
    "continent": "Africa",
    "code": "CG",
    "alpha_3": "COG"
  },
  {
    "name": "Congo, Democratic Republic of the Congo",
    "continent": "Africa",
    "code": "CD",
    "alpha_3": "COD"
  },
  {
    "name": "Cook Islands",
    "continent": "Oceania",
    "code": "CK",
    "alpha_3": "COK"
  },
  {
    "name": "Costa Rica",
    "continent": "North America",
    "code": "CR",
    "alpha_3": "CRI"
  },
  {
    "name": "Cote D'Ivoire",
    "continent": "Africa",
    "code": "CI",
    "alpha_3": "CIV"
  },
  {
    "name": "Croatia",
    "continent": "Europe",
    "code": "HR",
    "alpha_3": "HRV"
  },
  {
    "name": "Cuba",
    "continent": "North America",
    "code": "CU",
    "alpha_3": "CUB"
  },
  {
    "name": "Curacao",
    "continent": "North America",
    "code": "CW",
    "alpha_3": "CUW"
  },
  {
    "name": "Cyprus",
    "continent": "Asia",
    "code": "CY",
    "alpha_3": "CYP"
  },
  {
    "name": "Czech Republic",
    "continent": "Europe",
    "code": "CZ",
    "alpha_3": "CZE"
  },
  {
    "name": "Denmark",
    "continent": "Europe",
    "code": "DK",
    "alpha_3": "DNK"
  },
  {
    "name": "Djibouti",
    "continent": "Africa",
    "code": "DJ",
    "alpha_3": "DJI"
  },
  {
    "name": "Dominica",
    "continent": "North America",
    "code": "DM",
    "alpha_3": "DMA"
  },
  {
    "name": "Dominican Republic",
    "continent": "North America",
    "code": "DO",
    "alpha_3": "DOM"
  },
  {
    "name": "Ecuador",
    "continent": "South America",
    "code": "EC",
    "alpha_3": "ECU"
  },
  {
    "name": "Egypt",
    "continent": "Africa",
    "code": "EG",
    "alpha_3": "EGY"
  },
  {
    "name": "El Salvador",
    "continent": "North America",
    "code": "SV",
    "alpha_3": "SLV"
  },
  {
    "name": "Equatorial Guinea",
    "continent": "Africa",
    "code": "GQ",
    "alpha_3": "GNQ"
  },
  {
    "name": "Eritrea",
    "continent": "Africa",
    "code": "ER",
    "alpha_3": "ERI"
  },
  {
    "name": "Estonia",
    "continent": "Europe",
    "code": "EE",
    "alpha_3": "EST"
  },
  {
    "name": "Ethiopia",
    "continent": "Africa",
    "code": "ET",
    "alpha_3": "ETH"
  },
  {
    "name": "Falkland Islands (Malvinas)",
    "continent": "South America",
    "code": "FK",
    "alpha_3": "FLK"
  },
  {
    "name": "Faroe Islands",
    "continent": "Europe",
    "code": "FO",
    "alpha_3": "FRO"
  },
  {
    "name": "Fiji",
    "continent": "Oceania",
    "code": "FJ",
    "alpha_3": "FJI"
  },
  {
    "name": "Finland",
    "continent": "Europe",
    "code": "FI",
    "alpha_3": "FIN"
  },
  {
    "name": "France",
    "continent": "Europe",
    "code": "FR",
    "alpha_3": "FRA"
  },
  {
    "name": "French Guiana",
    "continent": "South America",
    "code": "GF",
    "alpha_3": "GUF"
  },
  {
    "name": "French Polynesia",
    "continent": "Oceania",
    "code": "PF",
    "alpha_3": "PYF"
  },
  {
    "name": "French Southern Territories",
    "continent": "Antarctica",
    "code": "TF",
    "alpha_3": "ATF"
  },
  {
    "name": "Gabon",
    "continent": "Africa",
    "code": "GA",
    "alpha_3": "GAB"
  },
  {
    "name": "Gambia",
    "continent": "Africa",
    "code": "GM",
    "alpha_3": "GMB"
  },
  {
    "name": "Georgia",
    "continent": "Asia",
    "code": "GE",
    "alpha_3": "GEO"
  },
  {
    "name": "Germany",
    "continent": "Europe",
    "code": "DE",
    "alpha_3": "DEU"
  },
  {
    "name": "Ghana",
    "continent": "Africa",
    "code": "GH",
    "alpha_3": "GHA"
  },
  {
    "name": "Gibraltar",
    "continent": "Europe",
    "code": "GI",
    "alpha_3": "GIB"
  },
  {
    "name": "Greece",
    "continent": "Europe",
    "code": "GR",
    "alpha_3": "GRC"
  },
  {
    "name": "Greenland",
    "continent": "North America",
    "code": "GL",
    "alpha_3": "GRL"
  },
  {
    "name": "Grenada",
    "continent": "North America",
    "code": "GD",
    "alpha_3": "GRD"
  },
  {
    "name": "Guadeloupe",
    "continent": "North America",
    "code": "GP",
    "alpha_3": "GLP"
  },
  {
    "name": "Guam",
    "continent": "Oceania",
    "code": "GU",
    "alpha_3": "GUM"
  },
  {
    "name": "Guatemala",
    "continent": "North America",
    "code": "GT",
    "alpha_3": "GTM"
  },
  {
    "name": "Guernsey",
    "continent": "Europe",
    "code": "GG",
    "alpha_3": "GGY"
  },
  {
    "name": "Guinea",
    "continent": "Africa",
    "code": "GN",
    "alpha_3": "GIN"
  },
  {
    "name": "Guinea-Bissau",
    "continent": "Africa",
    "code": "GW",
    "alpha_3": "GNB"
  },
  {
    "name": "Guyana",
    "continent": "South America",
    "code": "GY",
    "alpha_3": "GUY"
  },
  {
    "name": "Haiti",
    "continent": "North America",
    "code": "HT",
    "alpha_3": "HTI"
  },
  {
    "name": "Heard Island and Mcdonald Islands",
    "continent": "Antarctica",
    "code": "HM",
    "alpha_3": "HMD"
  },
  {
    "name": "Vatican City",
    "continent": "Europe",
    "code": "VA",
    "alpha_3": "VAT"
  },
  {
    "name": "Honduras",
    "continent": "North America",
    "code": "HN",
    "alpha_3": "HND"
  },
  {
    "name": "Hong Kong",
    "continent": "Asia",
    "code": "HK",
    "alpha_3": "HKG"
  },
  {
    "name": "Hungary",
    "continent": "Europe",
    "code": "HU",
    "alpha_3": "HUN"
  },
  {
    "name": "Iceland",
    "continent": "Europe",
    "code": "IS",
    "alpha_3": "ISL"
  },
  {
    "name": "India",
    "continent": "Asia",
    "code": "IN",
    "alpha_3": "IND"
  },
  {
    "name": "Indonesia",
    "continent": "Asia",
    "code": "ID",
    "alpha_3": "IDN"
  },
  {
    "name": "Iran",
    "continent": "Asia",
    "code": "IR",
    "alpha_3": "IRN"
  },
  {
    "name": "Iraq",
    "continent": "Asia",
    "code": "IQ",
    "alpha_3": "IRQ"
  },
  {
    "name": "Ireland",
    "continent": "Europe",
    "code": "IE",
    "alpha_3": "IRL"
  },
  {
    "name": "Isle of Man",
    "continent": "Europe",
    "code": "IM",
    "alpha_3": "IMN"
  },
  {
    "name": "Israel",
    "continent": "Asia",
    "code": "IL",
    "alpha_3": "ISR"
  },
  {
    "name": "Italy",
    "continent": "Europe",
    "code": "IT",
    "alpha_3": "ITA"
  },
  {
    "name": "Jamaica",
    "continent": "North America",
    "code": "JM",
    "alpha_3": "JAM"
  },
  {
    "name": "Japan",
    "continent": "Asia",
    "code": "JP",
    "alpha_3": "JPN"
  },
  {
    "name": "Jersey",
    "continent": "Europe",
    "code": "JE",
    "alpha_3": "JEY"
  },
  {
    "name": "Jordan",
    "continent": "Asia",
    "code": "JO",
    "alpha_3": "JOR"
  },
  {
    "name": "Kazakhstan",
    "continent": "Asia",
    "code": "KZ",
    "alpha_3": "KAZ"
  },
  {
    "name": "Kenya",
    "continent": "Africa",
    "code": "KE",
    "alpha_3": "KEN"
  },
  {
    "name": "Kiribati",
    "continent": "Oceania",
    "code": "KI",
    "alpha_3": "KIR"
  },
  {
    "name": "North Korea",
    "continent": "Asia",
    "code": "KP",
    "alpha_3": "PRK"
  },
  {
    "name": "South Korea",
    "continent": "Asia",
    "code": "KR",
    "alpha_3": "KOR"
  },
  {
    "name": "Kosovo",
    "continent": "Europe",
    "code": "XK",
    "alpha_3": "XKX"
  },
  {
    "name": "Kuwait",
    "continent": "Asia",
    "code": "KW",
    "alpha_3": "KWT"
  },
  {
    "name": "Kyrgyzstan",
    "continent": "Asia",
    "code": "KG",
    "alpha_3": "KGZ"
  },
  {
    "name": "Laos",
    "continent": "Asia",
    "code": "LA",
    "alpha_3": "LAO"
  },
  {
    "name": "Latvia",
    "continent": "Europe",
    "code": "LV",
    "alpha_3": "LVA"
  },
  {
    "name": "Lebanon",
    "continent": "Asia",
    "code": "LB",
    "alpha_3": "LBN"
  },
  {
    "name": "Lesotho",
    "continent": "Africa",
    "code": "LS",
    "alpha_3": "LSO"
  },
  {
    "name": "Liberia",
    "continent": "Africa",
    "code": "LR",
    "alpha_3": "LBR"
  },
  {
    "name": "Libya",
    "continent": "Africa",
    "code": "LY",
    "alpha_3": "LBY"
  },
  {
    "name": "Liechtenstein",
    "continent": "Europe",
    "code": "LI",
    "alpha_3": "LIE"
  },
  {
    "name": "Lithuania",
    "continent": "Europe",
    "code": "LT",
    "alpha_3": "LTU"
  },
  {
    "name": "Luxembourg",
    "continent": "Europe",
    "code": "LU",
    "alpha_3": "LUX"
  },
  {
    "name": "Macao",
    "continent": "Asia",
    "code": "MO",
    "alpha_3": "MAC"
  },
  {
    "name": "North Macedonia",
    "continent": "Europe",
    "code": "MK",
    "alpha_3": "MKD"
  },
  {
    "name": "Madagascar",
    "continent": "Africa",
    "code": "MG",
    "alpha_3": "MDG"
  },
  {
    "name": "Malawi",
    "continent": "Africa",
    "code": "MW",
    "alpha_3": "MWI"
  },
  {
    "name": "Malaysia",
    "continent": "Asia",
    "code": "MY",
    "alpha_3": "MYS"
  },
  {
    "name": "Maldives",
    "continent": "Asia",
    "code": "MV",
    "alpha_3": "MDV"
  },
  {
    "name": "Mali",
    "continent": "Africa",
    "code": "ML",
    "alpha_3": "MLI"
  },
  {
    "name": "Malta",
    "continent": "Europe",
    "code": "MT",
    "alpha_3": "MLT"
  },
  {
    "name": "Marshall Islands",
    "continent": "Oceania",
    "code": "MH",
    "alpha_3": "MHL"
  },
  {
    "name": "Martinique",
    "continent": "North America",
    "code": "MQ",
    "alpha_3": "MTQ"
  },
  {
    "name": "Mauritania",
    "continent": "Africa",
    "code": "MR",
    "alpha_3": "MRT"
  },
  {
    "name": "Mauritius",
    "continent": "Africa",
    "code": "MU",
    "alpha_3": "MUS"
  },
  {
    "name": "Mayotte",
    "continent": "Africa",
    "code": "YT",
    "alpha_3": "MYT"
  },
  {
    "name": "Mexico",
    "continent": "North America",
    "code": "MX",
    "alpha_3": "MEX"
  },
  {
    "name": "Micronesia",
    "continent": "Oceania",
    "code": "FM",
    "alpha_3": "FSM"
  },
  {
    "name": "Moldova",
    "continent": "Europe",
    "code": "MD",
    "alpha_3": "MDA"
  },
  {
    "name": "Monaco",
    "continent": "Europe",
    "code": "MC",
    "alpha_3": "MCO"
  },
  {
    "name": "Mongolia",
    "continent": "Asia",
    "code": "MN",
    "alpha_3": "MNG"
  },
  {
    "name": "Montenegro",
    "continent": "Europe",
    "code": "ME",
    "alpha_3": "MNE"
  },
  {
    "name": "Montserrat",
    "continent": "North America",
    "code": "MS",
    "alpha_3": "MSR"
  },
  {
    "name": "Morocco",
    "continent": "Africa",
    "code": "MA",
    "alpha_3": "MAR"
  },
  {
    "name": "Mozambique",
    "continent": "Africa",
    "code": "MZ",
    "alpha_3": "MOZ"
  },
  {
    "name": "Myanmar",
    "continent": "Asia",
    "code": "MM",
    "alpha_3": "MMR"
  },
  {
    "name": "Namibia",
    "continent": "Africa",
    "code": "NA",
    "alpha_3": "NAM"
  },
  {
    "name": "Nauru",
    "continent": "Oceania",
    "code": "NR",
    "alpha_3": "NRU"
  },
  {
    "name": "Nepal",
    "continent": "Asia",
    "code": "NP",
    "alpha_3": "NPL"
  },
  {
    "name": "Netherlands",
    "continent": "Europe",
    "code": "NL",
    "alpha_3": "NLD"
  },
  {
    "name": "Netherlands Antilles",
    "continent": "North America",
    "code": "AN",
    "alpha_3": "ANT"
  },
  {
    "name": "New Caledonia",
    "continent": "Oceania",
    "code": "NC",
    "alpha_3": "NCL"
  },
  {
    "name": "New Zealand",
    "continent": "Oceania",
    "code": "NZ",
    "alpha_3": "NZL"
  },
  {
    "name": "Nicaragua",
    "continent": "North America",
    "code": "NI",
    "alpha_3": "NIC"
  },
  {
    "name": "Niger",
    "continent": "Africa",
    "code": "NE",
    "alpha_3": "NER"
  },
  {
    "name": "Nigeria",
    "continent": "Africa",
    "code": "NG",
    "alpha_3": "NGA"
  },
  {
    "name": "Niue",
    "continent": "Oceania",
    "code": "NU",
    "alpha_3": "NIU"
  },
  {
    "name": "Norfolk Island",
    "continent": "Oceania",
    "code": "NF",
    "alpha_3": "NFK"
  },
  {
    "name": "Northern Mariana Islands",
    "continent": "Oceania",
    "code": "MP",
    "alpha_3": "MNP"
  },
  {
    "name": "Norway",
    "continent": "Europe",
    "code": "NO",
    "alpha_3": "NOR"
  },
  {
    "name": "Oman",
    "continent": "Asia",
    "code": "OM",
    "alpha_3": "OMN"
  },
  {
    "name": "Pakistan",
    "continent": "Asia",
    "code": "PK",
    "alpha_3": "PAK"
  },
  {
    "name": "Palau",
    "continent": "Oceania",
    "code": "PW",
    "alpha_3": "PLW"
  },
  {
    "name": "Palestinian Territory",
    "continent": "Asia",
    "code": "PS",
    "alpha_3": "PSE"
  },
  {
    "name": "Panama",
    "continent": "North America",
    "code": "PA",
    "alpha_3": "PAN"
  },
  {
    "name": "Papua New Guinea",
    "continent": "Oceania",
    "code": "PG",
    "alpha_3": "PNG"
  },
  {
    "name": "Paraguay",
    "continent": "South America",
    "code": "PY",
    "alpha_3": "PRY"
  },
  {
    "name": "Peru",
    "continent": "South America",
    "code": "PE",
    "alpha_3": "PER"
  },
  {
    "name": "Philippines",
    "continent": "Asia",
    "code": "PH",
    "alpha_3": "PHL"
  },
  {
    "name": "Pitcairn",
    "continent": "Oceania",
    "code": "PN",
    "alpha_3": "PCN"
  },
  {
    "name": "Poland",
    "continent": "Europe",
    "code": "PL",
    "alpha_3": "POL"
  },
  {
    "name": "Portugal",
    "continent": "Europe",
    "code": "PT",
    "alpha_3": "PRT"
  },
  {
    "name": "Puerto Rico",
    "continent": "North America",
    "code": "PR",
    "alpha_3": "PRI"
  },
  {
    "name": "Qatar",
    "continent": "Asia",
    "code": "QA",
    "alpha_3": "QAT"
  },
  {
    "name": "Réunion",
    "continent": "Africa",
    "code": "RE",
    "alpha_3": "REU"
  },
  {
    "name": "Romania",
    "continent": "Europe",
    "code": "RO",
    "alpha_3": "ROM"
  },
  {
    "name": "Russia",
    "continent": "Asia",
    "code": "RU",
    "alpha_3": "RUS"
  },
  {
    "name": "Rwanda",
    "continent": "Africa",
    "code": "RW",
    "alpha_3": "RWA"
  },
  {
    "name": "Saint Barthelemy",
    "continent": "North America",
    "code": "BL",
    "alpha_3": "BLM"
  },
  {
    "name": "Saint Helena",
    "continent": "Africa",
    "code": "SH",
    "alpha_3": "SHN"
  },
  {
    "name": "Saint Kitts and Nevis",
    "continent": "North America",
    "code": "KN",
    "alpha_3": "KNA"
  },
  {
    "name": "Saint Lucia",
    "continent": "North America",
    "code": "LC",
    "alpha_3": "LCA"
  },
  {
    "name": "Saint Martin",
    "continent": "North America",
    "code": "MF",
    "alpha_3": "MAF"
  },
  {
    "name": "Saint Pierre and Miquelon",
    "continent": "North America",
    "code": "PM",
    "alpha_3": "SPM"
  },
  {
    "name": "Saint Vincent and the Grenadines",
    "continent": "North America",
    "code": "VC",
    "alpha_3": "VCT"
  },
  {
    "name": "Samoa",
    "continent": "Oceania",
    "code": "WS",
    "alpha_3": "WSM"
  },
  {
    "name": "San Marino",
    "continent": "Europe",
    "code": "SM",
    "alpha_3": "SMR"
  },
  {
    "name": "Sao Tome and Principe",
    "continent": "Africa",
    "code": "ST",
    "alpha_3": "STP"
  },
  {
    "name": "Saudi Arabia",
    "continent": "Asia",
    "code": "SA",
    "alpha_3": "SAU"
  },
  {
    "name": "Senegal",
    "continent": "Africa",
    "code": "SN",
    "alpha_3": "SEN"
  },
  {
    "name": "Serbia",
    "continent": "Europe",
    "code": "RS",
    "alpha_3": "SRB"
  },
  {
    "name": "Serbia and Montenegro",
    "continent": "Europe",
    "code": "CS",
    "alpha_3": "SCG"
  },
  {
    "name": "Seychelles",
    "continent": "Africa",
    "code": "SC",
    "alpha_3": "SYC"
  },
  {
    "name": "Sierra Leone",
    "continent": "Africa",
    "code": "SL",
    "alpha_3": "SLE"
  },
  {
    "name": "Singapore",
    "continent": "Asia",
    "code": "SG",
    "alpha_3": "SGP"
  },
  {
    "name": "Sint Maarten",
    "continent": "North America",
    "code": "SX",
    "alpha_3": "SXM"
  },
  {
    "name": "Slovakia",
    "continent": "Europe",
    "code": "SK",
    "alpha_3": "SVK"
  },
  {
    "name": "Slovenia",
    "continent": "Europe",
    "code": "SI",
    "alpha_3": "SVN"
  },
  {
    "name": "Solomon Islands",
    "continent": "Oceania",
    "code": "SB",
    "alpha_3": "SLB"
  },
  {
    "name": "Somalia",
    "continent": "Africa",
    "code": "SO",
    "alpha_3": "SOM"
  },
  {
    "name": "South Africa",
    "continent": "Africa",
    "code": "ZA",
    "alpha_3": "ZAF"
  },
  {
    "name": "South Georgia and the South Sandwich Islands",
    "continent": "Antarctica",
    "code": "GS",
    "alpha_3": "SGS"
  },
  {
    "name": "South Sudan",
    "continent": "Africa",
    "code": "SS",
    "alpha_3": "SSD"
  },
  {
    "name": "Spain",
    "continent": "Europe",
    "code": "ES",
    "alpha_3": "ESP"
  },
  {
    "name": "Sri Lanka",
    "continent": "Asia",
    "code": "LK",
    "alpha_3": "LKA"
  },
  {
    "name": "Sudan",
    "continent": "Africa",
    "code": "SD",
    "alpha_3": "SDN"
  },
  {
    "name": "Suriname",
    "continent": "South America",
    "code": "SR",
    "alpha_3": "SUR"
  },
  {
    "name": "Svalbard and Jan Mayen",
    "continent": "Europe",
    "code": "SJ",
    "alpha_3": "SJM"
  },
  {
    "name": "Swaziland",
    "continent": "Africa",
    "code": "SZ",
    "alpha_3": "SWZ"
  },
  {
    "name": "Sweden",
    "continent": "Europe",
    "code": "SE",
    "alpha_3": "SWE"
  },
  {
    "name": "Switzerland",
    "continent": "Europe",
    "code": "CH",
    "alpha_3": "CHE"
  },
  {
    "name": "Syrian Arab Republic",
    "continent": "Asia",
    "code": "SY",
    "alpha_3": "SYR"
  },
  {
    "name": "Taiwan",
    "continent": "Asia",
    "code": "TW",
    "alpha_3": "TWN"
  },
  {
    "name": "Tajikistan",
    "continent": "Asia",
    "code": "TJ",
    "alpha_3": "TJK"
  },
  {
    "name": "Tanzania",
    "continent": "Africa",
    "code": "TZ",
    "alpha_3": "TZA"
  },
  {
    "name": "Thailand",
    "continent": "Asia",
    "code": "TH",
    "alpha_3": "THA"
  },
  {
    "name": "Timor-Leste",
    "continent": "Asia",
    "code": "TL",
    "alpha_3": "TLS"
  },
  {
    "name": "Togo",
    "continent": "Africa",
    "code": "TG",
    "alpha_3": "TGO"
  },
  {
    "name": "Tokelau",
    "continent": "Oceania",
    "code": "TK",
    "alpha_3": "TKL"
  },
  {
    "name": "Tonga",
    "continent": "Oceania",
    "code": "TO",
    "alpha_3": "TON"
  },
  {
    "name": "Trinidad and Tobago",
    "continent": "North America",
    "code": "TT",
    "alpha_3": "TTO"
  },
  {
    "name": "Tunisia",
    "continent": "Africa",
    "code": "TN",
    "alpha_3": "TUN"
  },
  {
    "name": "Turkey",
    "continent": "Asia",
    "code": "TR",
    "alpha_3": "TUR"
  },
  {
    "name": "Turkmenistan",
    "continent": "Asia",
    "code": "TM",
    "alpha_3": "TKM"
  },
  {
    "name": "Turks and Caicos Islands",
    "continent": "North America",
    "code": "TC",
    "alpha_3": "TCA"
  },
  {
    "name": "Tuvalu",
    "continent": "Oceania",
    "code": "TV",
    "alpha_3": "TUV"
  },
  {
    "name": "Uganda",
    "continent": "Africa",
    "code": "UG",
    "alpha_3": "UGA"
  },
  {
    "name": "Ukraine",
    "continent": "Europe",
    "code": "UA",
    "alpha_3": "UKR"
  },
  {
    "name": "United Arab Emirates",
    "continent": "Asia",
    "code": "AE",
    "alpha_3": "ARE"
  },
  {
    "name": "United Kingdom",
    "continent": "Europe",
    "code": "GB",
    "alpha_3": "GBR"
  },
  {
    "name": "United States",
    "continent": "North America",
    "code": "US",
    "alpha_3": "USA"
  },
  {
    "name": "United States Minor Outlying Islands",
    "continent": "North America",
    "code": "UM",
    "alpha_3": "UMI"
  },
  {
    "name": "Uruguay",
    "continent": "South America",
    "code": "UY",
    "alpha_3": "URY"
  },
  {
    "name": "Uzbekistan",
    "continent": "Asia",
    "code": "UZ",
    "alpha_3": "UZB"
  },
  {
    "name": "Vanuatu",
    "continent": "Oceania",
    "code": "VU",
    "alpha_3": "VUT"
  },
  {
    "name": "Venezuela",
    "continent": "South America",
    "code": "VE",
    "alpha_3": "VEN"
  },
  {
    "name": "Vietnam",
    "continent": "Asia",
    "code": "VN",
    "alpha_3": "VNM"
  },
  {
    "name": "Virgin Islands, British",
    "continent": "North America",
    "code": "VG",
    "alpha_3": "VGB"
  },
  {
    "name": "Virgin Islands, U.s.",
    "continent": "North America",
    "code": "VI",
    "alpha_3": "VIR"
  },
  {
    "name": "Wallis and Futuna",
    "continent": "Oceania",
    "code": "WF",
    "alpha_3": "WLF"
  },
  {
    "name": "Western Sahara",
    "continent": "Africa",
    "code": "EH",
    "alpha_3": "ESH"
  },
  {
    "name": "Yemen",
    "continent": "Asia",
    "code": "YE",
    "alpha_3": "YEM"
  },
  {
    "name": "Zambia",
    "continent": "Africa",
    "code": "ZM",
    "alpha_3": "ZMB"
  },
  {
    "name": "Zimbabwe",
    "continent": "Africa",
    "code": "ZW",
    "alpha_3": "ZWE"
  }
]
